{
<<<<<<< HEAD
    "CurCompileModules": [
        "...MASTER...",
        "std",
        "tb",
        "tb"
    ],
    "cycles_program_begin": 39134745089212830,
    "NameTable": {
=======
    "cycles_program_begin": 39351149836542194,
    "Misc": {
        "vcs_version": "O-2018.09-SP1",
        "VCS_HOME": "/packages/synopsys/vcs_mx/O-2018.09-SP1",
        "vcs_build_date": "Build Date = Nov 29 2018 20:44:08",
        "master_pid": 45779,
        "hostname": "nano.sfsu.edu",
        "csrc": "csrc",
        "csrc_abs": "/Users/students/cadiga/DV/Reuse/APB/csrc",
        "cwd": "/Users/students/cadiga/DV/Reuse/APB",
        "daidir": "/Users/students/cadiga/DV/Reuse/APB/wrapper.simv.daidir",
        "daidir_abs": "/Users/students/cadiga/DV/Reuse/APB/wrapper.simv.daidir",
        "default_output_dir": "csrc",
        "archive_dir": "archive.23"
    },
    "NameTable": {
        "...MASTER...": [
            "SIM",
            "amcQw",
            "module",
            7
        ],
        "_vcs_unit__2578871148": [
            "_vcs_unit__2578871148",
            "Ab5iR",
            "module",
            6
        ],
>>>>>>> origin/main
        "std": [
            "std",
            "reYIK",
            "module",
<<<<<<< HEAD
            1
=======
            2
>>>>>>> origin/main
        ],
        "tb": [
            "tb",
            "g7hgQ",
            "module",
<<<<<<< HEAD
            4
        ],
        "...MASTER...": [
            "SIM",
            "amcQw",
            "module",
            3
=======
            8
>>>>>>> origin/main
        ]
    },
    "perf": [
        {
            "stat": [
                "main",
                "entry",
<<<<<<< HEAD
                0.018477916717529297,
                0.038762999999999999,
                0.041744999999999997,
                214816,
                214816,
                0.0,
                0.0,
                1721802282.048296,
                39134745089442746
=======
                0.015073094516992569,
                0.031630999999999999,
                0.031630999999999999,
                179856,
                179856,
                0.0,
                0.0,
                1721892662.558929,
                39351149836784998
>>>>>>> origin/main
            ],
            "sub": [
                {
                    "stat": [
                        "doParsingAndDesignResolution",
                        "entry",
<<<<<<< HEAD
                        0.047421932220458984,
                        0.049044999999999998,
                        0.052047999999999997,
                        236620,
                        237288,
                        0.0,
                        0.0,
                        1721802282.07724,
                        39134745158914400
=======
                        0.046136094490066171,
                        0.044972999999999999,
                        0.041062000000000001,
                        181360,
                        182004,
                        0.0,
                        0.0,
                        1721892662.589992,
                        39351149911252592
>>>>>>> origin/main
                    ],
                    "sub": []
                },
                {
                    "stat": [
                        "doParsingAndDesignResolution",
                        "exit",
<<<<<<< HEAD
                        0.06013798713684082,
                        0.058862999999999999,
                        0.054871999999999997,
                        237472,
                        238120,
                        0.0,
                        0.0,
                        1721802282.089956,
                        39134745189220318
=======
                        0.057918094447813928,
                        0.050831000000000001,
                        0.046920999999999997,
                        182752,
                        183400,
                        0.0,
                        0.0,
                        1721892662.601774,
                        39351149939346812
>>>>>>> origin/main
                    ],
                    "sub": []
                },
                {
                    "stat": [
                        "doPostDesignResolutionToVir2Vcs",
                        "entry",
<<<<<<< HEAD
                        0.060969829559326172,
                        0.059681999999999999,
                        0.054871999999999997,
                        237608,
                        238120,
                        0.0,
                        0.0,
                        1721802282.0907879,
                        39134745191196182
=======
                        0.057981094461865723,
                        0.050863999999999999,
                        0.046952000000000001,
                        182752,
                        183400,
                        0.0,
                        0.0,
                        1721892662.6018369,
                        39351149939466054
>>>>>>> origin/main
                    ],
                    "sub": [
                        {
                            "stat": [
                                "doUptoVir2VcsNoSepCleanup",
                                "entry",
<<<<<<< HEAD
                                0.066548824310302734,
                                0.064063999999999996,
                                0.056056000000000002,
                                238608,
                                238612,
                                0.0,
                                0.0,
                                1721802282.0963669,
                                39134745204505408
=======
                                0.063035094412043691,
                                0.052898000000000001,
                                0.049959000000000003,
                                183692,
                                183696,
                                0.0,
                                0.0,
                                1721892662.6068909,
                                39351149951587544
>>>>>>> origin/main
                            ],
                            "sub": []
                        },
                        {
                            "stat": [
                                "doUptoVir2VcsNoSepCleanup",
                                "exit",
<<<<<<< HEAD
                                0.135498046875,
                                0.082145999999999997,
                                0.067119999999999999,
                                239356,
                                251712,
                                0.0099150000000000002,
                                0.028604999999999998,
                                1721802282.1653161,
                                39134745369628552
=======
                                0.076183094410225749,
                                0.062880000000000005,
                                0.052072,
                                184524,
                                196880,
                                0.0,
                                0.0,
                                1721892662.620039,
                                39351149983070864
>>>>>>> origin/main
                            ],
                            "sub": []
                        },
                        {
                            "stat": [
                                "doRadify_vir2vcsAll",
                                "entry",
<<<<<<< HEAD
                                0.13558197021484375,
                                0.082193000000000002,
                                0.067156999999999994,
                                239356,
                                251712,
                                0.0099150000000000002,
                                0.028604999999999998,
                                1721802282.1654,
                                39134745369773392
=======
                                0.076251094462350011,
                                0.062917000000000001,
                                0.052102999999999997,
                                184524,
                                196880,
                                0.0,
                                0.0,
                                1721892662.6201069,
                                39351149983211000
>>>>>>> origin/main
                            ],
                            "sub": []
                        },
                        {
                            "stat": [
                                "doRadify_vir2vcsAll",
                                "exit",
<<<<<<< HEAD
                                0.14014601707458496,
                                0.084942000000000004,
                                0.068953,
                                241244,
                                251712,
                                0.0099150000000000002,
                                0.028604999999999998,
                                1721802282.1699641,
                                39134745380734042
=======
                                0.080163094447925687,
                                0.064864000000000005,
                                0.054052999999999997,
                                185312,
                                196880,
                                0.0,
                                0.0,
                                1721892662.6240189,
                                39351149992602492
>>>>>>> origin/main
                            ],
                            "sub": []
                        }
                    ]
                },
                {
                    "stat": [
                        "doPostDesignResolutionToVir2Vcs",
                        "exit",
<<<<<<< HEAD
                        0.14019489288330078,
                        0.084970000000000004,
                        0.068974999999999995,
                        241244,
                        251712,
                        0.0099150000000000002,
                        0.028604999999999998,
                        1721802282.170013,
                        39134745380817804
=======
                        0.08021009445656091,
                        0.064890000000000003,
                        0.054074999999999998,
                        185312,
                        196880,
                        0.0,
                        0.0,
                        1721892662.6240661,
                        39351149992686574
>>>>>>> origin/main
                    ],
                    "sub": []
                },
                {
                    "stat": [
                        "doGAToPass2",
                        "entry",
<<<<<<< HEAD
                        0.1402289867401123,
                        0.084988999999999995,
                        0.068990999999999997,
                        241244,
                        251712,
                        0.0099150000000000002,
                        0.028604999999999998,
                        1721802282.170047,
                        39134745380895112
=======
                        0.080244094482623041,
                        0.064907999999999993,
                        0.054089999999999999,
                        185312,
                        196880,
                        0.0,
                        0.0,
                        1721892662.6241,
                        39351149992764008
>>>>>>> origin/main
                    ],
                    "sub": [
                        {
                            "stat": [
                                "DoPass2",
                                "entry",
<<<<<<< HEAD
                                0.1999058723449707,
                                0.085388000000000006,
                                0.071323999999999999,
                                239820,
                                251712,
                                0.040625000000000001,
                                0.055891999999999997,
                                1721802282.2297239,
                                39134745523922934
=======
                                0.08161609445232898,
                                0.065106999999999998,
                                0.055243,
                                183832,
                                196880,
                                0.0,
                                0.0,
                                1721892662.6254721,
                                39351149996079258
>>>>>>> origin/main
                            ],
                            "sub": []
                        },
                        {
                            "stat": [
                                "DoPass2",
                                "exit",
<<<<<<< HEAD
                                0.24894404411315918,
                                0.111095,
                                0.087161000000000002,
                                244836,
                                251712,
                                0.042727000000000001,
                                0.061148000000000001,
                                1721802282.2787621,
                                39134745641224586
=======
                                0.11888509441632777,
                                0.077479999999999993,
                                0.072512999999999994,
                                188368,
                                196880,
                                0.0018680000000000001,
                                0.0056049999999999997,
                                1721892662.6627409,
                                39351150085316214
>>>>>>> origin/main
                            ],
                            "sub": []
                        }
                    ]
                },
                {
                    "stat": [
                        "doGAToPass2",
                        "exit",
<<<<<<< HEAD
                        0.25131583213806152,
                        0.11178299999999999,
                        0.088827000000000003,
                        244836,
                        251712,
                        0.042727000000000001,
                        0.061148000000000001,
                        1721802282.2811339,
                        39134745646918560
=======
                        0.12068809452466667,
                        0.078370999999999996,
                        0.073410000000000003,
                        188368,
                        196880,
                        0.0018680000000000001,
                        0.0056049999999999997,
                        1721892662.6645441,
                        39351150089628966
>>>>>>> origin/main
                    ],
                    "sub": []
                }
            ]
        },
        {
            "stat": [
                "main",
                "exit",
<<<<<<< HEAD
                0.25157904624938965,
                0.111927,
                0.088941999999999993,
                244828,
                251712,
                0.042727000000000001,
                0.061148000000000001,
                1721802282.2813971,
                39134745647517686
=======
                0.12098909448832273,
                0.078631999999999994,
                0.073447999999999999,
                188360,
                196880,
                0.0018680000000000001,
                0.0056049999999999997,
                1721892662.664845,
                39351150090331464
>>>>>>> origin/main
            ],
            "sub": []
        }
    ],
<<<<<<< HEAD
    "CompileProcesses": [
        "cgproc.214816.json"
    ],
    "MlibObjs": {},
    "CompileStatus": "Successful",
    "incremental": "on",
    "PEModules": [],
    "cpu_cycles_pass2_start": 39134745523940822,
    "rlimit": {
        "stack": -1,
        "data": -1
    },
    "PrevCompiledModules": {
        "std": {
            "reYIK_d": {
                "bytes": 35236,
                "mod": "std",
                "mode": 4,
                "out": "reYIK_d.o",
                "checksum": 0,
                "archive": "archive.534/_prev_archive_1.a"
=======
    "MlibObjs": {},
    "stat": {
        "ru_self_cgstart": {
            "ru_utime_sec": 0.065139000000000002,
            "ru_stime_sec": 0.05527,
            "ru_majflt": 0,
            "ru_maxrss_kb": 59572,
            "ru_minflt": 20835,
            "ru_nivcsw": 44,
            "ru_nvcsw": 21
        },
        "outputSizePerQuad": 90.852752880921898,
        "nMops": 1507,
        "ru_childs_cgstart": {
            "ru_utime_sec": 0.0,
            "ru_stime_sec": 0.0,
            "ru_majflt": 0,
            "ru_maxrss_kb": 0,
            "ru_minflt": 0,
            "ru_nivcsw": 0,
            "ru_nvcsw": 0
        },
        "cpu_cycles_cgstart": 39351149996133806,
        "CodeGen(%)": 19.135227738259285,
        "nQuads": 781,
        "ru_self_end": {
            "ru_utime_sec": 0.078685000000000005,
            "ru_stime_sec": 0.073447999999999999,
            "ru_majflt": 0,
            "ru_maxrss_kb": 66008,
            "ru_minflt": 22931,
            "ru_nivcsw": 50,
            "ru_nvcsw": 22
        },
        "mopSpeed": 97768.262618398847,
        "totalObjSize": 70956,
        "ru_childs_end": {
            "ru_utime_sec": 0.0018680000000000001,
            "ru_stime_sec": 0.0056049999999999997,
            "ru_majflt": 0,
            "ru_maxrss_kb": 12920,
            "ru_minflt": 590,
            "ru_nivcsw": 4,
            "ru_nvcsw": 1
        },
        "cpu_cycles_end": 39351150090391428,
        "quadSpeed": 50668.223692746848,
        "cpu_cycles_total": 253849234,
        "mop/quad": 1.9295774647887325,
        "Frontend(%)": 80.864772261740725,
        "peak_mem_kb": 196880,
        "realTime": 0.12107909447513521
    },
    "cpu_cycles_pass2_start": 39351149996086992,
    "PrevCompiledModules": {
        "...MASTER...": {
            "amcQw_d": {
                "out": "objs/amcQw_d.o",
                "bytes": 4952,
                "mod": "...MASTER...",
                "mode": 4,
                "checksum": 0
            }
        },
        "_vcs_unit__2578871148": {
            "Ab5iR_d": {
                "out": "Ab5iR_d.o",
                "bytes": 6444,
                "mod": "_vcs_unit__2578871148",
                "mode": 4,
                "checksum": 0,
                "archive": "archive.23/_45779_archive_1.a"
            }
        },
        "std": {
            "reYIK_d": {
                "out": "reYIK_d.o",
                "bytes": 21522,
                "mod": "std",
                "mode": 4,
                "checksum": 0,
                "archive": "archive.23/_prev_archive_1.a"
>>>>>>> origin/main
            }
        },
        "tb": {
            "g7hgQ_d": {
<<<<<<< HEAD
                "bytes": 53552,
                "mod": "tb",
                "mode": 4,
                "out": "g7hgQ_d.o",
                "checksum": 0,
                "archive": "archive.534/_214816_archive_1.a"
            }
        },
        "...MASTER...": {
            "amcQw_d": {
                "bytes": 7724,
                "mod": "...MASTER...",
                "mode": 4,
                "out": "objs/amcQw_d.o",
                "checksum": 0
            }
        }
    },
    "stat": {
        "peak_mem_kb": 251712,
        "ru_self_end": {
            "ru_utime_sec": 0.111954,
            "ru_nivcsw": 53,
            "ru_stime_sec": 0.088963,
            "ru_maxrss_kb": 80360,
            "ru_minflt": 28095,
            "ru_majflt": 0,
            "ru_nvcsw": 31
        },
        "cpu_cycles_total": 558359982,
        "outputSizePerQuad": 132.29801894918174,
        "ru_self_cgstart": {
            "ru_utime_sec": 0.085388000000000006,
            "ru_nivcsw": 46,
            "ru_stime_sec": 0.071448999999999999,
            "ru_maxrss_kb": 73256,
            "ru_minflt": 25164,
            "ru_majflt": 0,
            "ru_nvcsw": 30
        },
        "nMops": 2601,
        "CodeGen(%)": 18.533627271610605,
        "ru_childs_cgstart": {
            "ru_utime_sec": 0.040625000000000001,
            "ru_nivcsw": 22,
            "ru_stime_sec": 0.055891999999999997,
            "ru_maxrss_kb": 21976,
            "ru_minflt": 10577,
            "ru_majflt": 0,
            "ru_nvcsw": 25
        },
        "ru_childs_end": {
            "ru_utime_sec": 0.042727000000000001,
            "ru_nivcsw": 24,
            "ru_stime_sec": 0.061148000000000001,
            "ru_maxrss_kb": 22376,
            "ru_minflt": 11164,
            "ru_majflt": 0,
            "ru_nvcsw": 26
        },
        "totalObjSize": 153598,
        "cpu_cycles_cgstart": 39134745524042042,
        "nQuads": 1161,
        "cpu_cycles_end": 39134745647572812,
        "mopSpeed": 90728.338216827135,
        "quadSpeed": 40498.116366680624,
        "mop/quad": 2.2403100775193798,
        "Frontend(%)": 81.466372728389402,
        "realTime": 0.25166487693786621
    },
    "LVLData": [
        "SIM"
    ],
    "CompileStrategy": "fullobj",
    "CurCompileUdps": {},
    "Misc": {
        "vcs_version": "O-2018.09-SP1_Full64",
        "VCS_HOME": "/packages/synopsys/vcs_mx/O-2018.09-SP1",
        "vcs_build_date": "Build Date = Nov 29 2018 20:31:24",
        "csrc": "csrc",
        "master_pid": 214816,
        "hostname": "nano.sfsu.edu",
        "default_output_dir": "csrc",
        "cwd": "/Users/students/cadiga/DV/Reuse",
        "csrc_abs": "/Users/students/cadiga/DV/Reuse/csrc",
        "daidir": "/Users/students/cadiga/DV/Reuse/membank.simv.daidir",
        "daidir_abs": "/Users/students/cadiga/DV/Reuse/membank.simv.daidir",
        "archive_dir": "archive.534"
    },
    "SIMBData": {
        "out": "amcQwB.o",
        "bytes": 99986,
        "text": 0,
        "archive": "archive.534/_214816_archive_1.a"
    }
=======
                "out": "g7hgQ_d.o",
                "bytes": 20814,
                "mod": "tb",
                "mode": 4,
                "checksum": 0,
                "archive": "archive.23/_45779_archive_1.a"
            }
        }
    },
    "CurCompileModules": [
        "...MASTER...",
        "_vcs_unit__2578871148",
        "_vcs_unit__2578871148",
        "std",
        "tb",
        "tb"
    ],
    "CompileStrategy": "fullobj",
    "incremental": "on",
    "CurCompileUdps": {},
    "SIMBData": {
        "text": 0,
        "bytes": 41702,
        "out": "amcQwB.o",
        "archive": "archive.23/_45779_archive_1.a"
    },
    "LVLData": [
        "SIM"
    ],
    "PEModules": [],
    "CompileProcesses": [
        "cgproc.45779.json"
    ],
    "rlimit": {
        "data": -1,
        "stack": 134217728
    },
    "CompileStatus": "Successful"
>>>>>>> origin/main
}