{
<<<<<<< HEAD
    "SIMBData": {
        "bytes": 99986,
        "out": "amcQwB.o",
        "text": 0,
        "archive": "archive.535/_216210_archive_1.a"
    },
    "cycles_program_begin": 39135174978060152,
=======
    "CompileStrategy": "fullobj",
    "cycles_program_begin": 39973854733600800,
    "CompileProcesses": [
        "cgproc.204672.json"
    ],
    "NameTable": {
        "apb_if": [
            "apb_if",
            "d9vZk",
            "module",
            1
        ],
        "_vcs_unit__3784163380": [
            "_vcs_unit__3784163380",
            "Pe4Ff",
            "module",
            5
        ],
        "std": [
            "std",
            "reYIK",
            "module",
            2
        ],
        "top": [
            "top",
            "Emx8S",
            "module",
            4
        ],
        "...MASTER...": [
            "SIM",
            "amcQw",
            "module",
            7
        ],
        "main": [
            "main",
            "ydvCS",
            "module",
            3
        ],
        "apb_subordinate": [
            "apb_subordinate",
            "NpzHz",
            "module",
            9
        ]
    },
>>>>>>> origin/main
    "perf": [
        {
            "stat": [
                "main",
                "entry",
<<<<<<< HEAD
                0.018404960632324219,
                0.042823,
                0.036846999999999998,
                214816,
                214816,
                0.0,
                0.0,
                1721802461.5895209,
                39135174978286394
=======
                0.018947124481201172,
                0.048873,
                0.032913999999999999,
                214820,
                214820,
                0.0,
                0.0,
                1722152732.5770841,
                39973854733835214
>>>>>>> origin/main
            ],
            "sub": [
                {
                    "stat": [
                        "doParsingAndDesignResolution",
                        "entry",
<<<<<<< HEAD
                        0.036226987838745117,
                        0.044962000000000002,
                        0.044962000000000002,
                        236620,
                        237288,
                        0.0,
                        0.0,
                        1721802461.607343,
                        39135175020966912
=======
                        0.047734975814819336,
                        0.053671999999999997,
                        0.047708,
                        236624,
                        237292,
                        0.0,
                        0.0,
                        1722152732.6058719,
                        39973854802934960
>>>>>>> origin/main
                    ],
                    "sub": []
                },
                {
                    "stat": [
                        "doParsingAndDesignResolution",
                        "exit",
<<<<<<< HEAD
                        0.043410062789916992,
                        0.050030999999999999,
                        0.047029000000000001,
                        237472,
                        238120,
                        0.0,
                        0.0,
                        1721802461.614526,
                        39135175038133872
=======
                        0.064017057418823242,
                        0.062723000000000001,
                        0.054758000000000001,
                        237668,
                        238316,
                        0.0,
                        0.0,
                        1722152732.622154,
                        39973854841724654
>>>>>>> origin/main
                    ],
                    "sub": []
                },
                {
                    "stat": [
                        "doPostDesignResolutionToVir2Vcs",
                        "entry",
<<<<<<< HEAD
                        0.043962955474853516,
                        0.050030999999999999,
                        0.047580999999999998,
                        237608,
                        238120,
                        0.0,
                        0.0,
                        1721802461.6150789,
                        39135175039479124
=======
                        0.064643144607543945,
                        0.062723000000000001,
                        0.055384000000000003,
                        237668,
                        238316,
                        0.0,
                        0.0,
                        1722152732.6227801,
                        39973854843257198
>>>>>>> origin/main
                    ],
                    "sub": [
                        {
                            "stat": [
                                "doUptoVir2VcsNoSepCleanup",
                                "entry",
<<<<<<< HEAD
                                0.049072027206420898,
                                0.052096000000000003,
                                0.050588000000000001,
                                238608,
                                238612,
                                0.0,
                                0.0,
                                1721802461.620188,
                                39135175051677168
=======
                                0.071238040924072266,
                                0.064995999999999998,
                                0.059672999999999997,
                                238664,
                                238668,
                                0.0,
                                0.0,
                                1722152732.629375,
                                39973854859003244
>>>>>>> origin/main
                            ],
                            "sub": []
                        },
                        {
                            "stat": [
                                "doUptoVir2VcsNoSepCleanup",
                                "exit",
<<<<<<< HEAD
                                0.12190794944763184,
                                0.066380999999999996,
                                0.064369999999999997,
                                239356,
                                251712,
                                0.0099880000000000004,
                                0.033715000000000002,
                                1721802461.6930239,
                                39135175226105918
=======
                                0.15705204010009766,
                                0.098379999999999995,
                                0.067881999999999998,
                                240300,
                                255728,
                                0.017059999999999999,
                                0.025888999999999999,
                                1722152732.715189,
                                39973855064479116
>>>>>>> origin/main
                            ],
                            "sub": []
                        },
                        {
                            "stat": [
                                "doRadify_vir2vcsAll",
                                "entry",
<<<<<<< HEAD
                                0.12200593948364258,
                                0.066431000000000004,
                                0.064418000000000003,
                                239356,
                                251712,
                                0.0099880000000000004,
                                0.033715000000000002,
                                1721802461.6931219,
                                39135175226288518
=======
                                0.15712714195251465,
                                0.098424999999999999,
                                0.067913000000000001,
                                240300,
                                255728,
                                0.017059999999999999,
                                0.025888999999999999,
                                1722152732.7152641,
                                39973855064631060
>>>>>>> origin/main
                            ],
                            "sub": []
                        },
                        {
                            "stat": [
                                "doRadify_vir2vcsAll",
                                "exit",
<<<<<<< HEAD
                                0.12618494033813477,
                                0.069519999999999998,
                                0.065490000000000007,
                                241244,
                                251712,
                                0.0099880000000000004,
                                0.033715000000000002,
                                1721802461.6973009,
                                39135175236322204
=======
                                0.16254615783691406,
                                0.10265100000000001,
                                0.069092000000000001,
                                241784,
                                255728,
                                0.017059999999999999,
                                0.025888999999999999,
                                1722152732.7206831,
                                39973855077635170
>>>>>>> origin/main
                            ],
                            "sub": []
                        }
                    ]
                },
                {
                    "stat": [
                        "doPostDesignResolutionToVir2Vcs",
                        "exit",
<<<<<<< HEAD
                        0.12623214721679688,
                        0.069544999999999996,
                        0.065513000000000002,
                        241244,
                        251712,
                        0.0099880000000000004,
                        0.033715000000000002,
                        1721802461.6973481,
                        39135175236409696
=======
                        0.16259312629699707,
                        0.10267999999999999,
                        0.069111000000000006,
                        241784,
                        255728,
                        0.017059999999999999,
                        0.025888999999999999,
                        1722152732.7207301,
                        39973855077728080
>>>>>>> origin/main
                    ],
                    "sub": []
                },
                {
                    "stat": [
                        "doGAToPass2",
                        "entry",
<<<<<<< HEAD
                        0.1262669563293457,
                        0.069563,
                        0.065530000000000005,
                        241244,
                        251712,
                        0.0099880000000000004,
                        0.033715000000000002,
                        1721802461.6973829,
                        39135175236485702
=======
                        0.16263103485107422,
                        0.10267999999999999,
                        0.069149000000000002,
                        241784,
                        255728,
                        0.017059999999999999,
                        0.025888999999999999,
                        1722152732.720768,
                        39973855077804330
>>>>>>> origin/main
                    ],
                    "sub": [
                        {
                            "stat": [
                                "DoPass2",
                                "entry",
<<<<<<< HEAD
                                0.18808603286743164,
                                0.069614999999999996,
                                0.068606,
                                239820,
                                251712,
                                0.043244999999999999,
                                0.060101000000000002,
                                1721802461.759202,
                                39135175384710676
=======
                                0.2202451229095459,
                                0.104008,
                                0.070647000000000001,
                                240360,
                                255728,
                                0.044054000000000003,
                                0.054344000000000003,
                                1722152732.7783821,
                                39973855218152222
>>>>>>> origin/main
                            ],
                            "sub": []
                        },
                        {
                            "stat": [
                                "DoPass2",
                                "exit",
<<<<<<< HEAD
                                0.2350471019744873,
                                0.095334000000000002,
                                0.082288,
                                244836,
                                251712,
                                0.047489999999999997,
                                0.063284999999999994,
                                1721802461.8061631,
                                39135175496968902
=======
                                0.28650212287902832,
                                0.14666299999999999,
                                0.086620000000000003,
                                249556,
                                255728,
                                0.046174,
                                0.059644000000000003,
                                1722152732.8446391,
                                39973855374421006
>>>>>>> origin/main
                            ],
                            "sub": []
                        }
                    ]
                },
                {
                    "stat": [
                        "doGAToPass2",
                        "exit",
<<<<<<< HEAD
                        0.23741698265075684,
                        0.097527000000000003,
                        0.082445000000000004,
                        244836,
                        251712,
                        0.047489999999999997,
                        0.063284999999999994,
                        1721802461.808533,
                        39135175502661278
=======
                        0.28896307945251465,
                        0.148313,
                        0.087415999999999994,
                        249556,
                        255728,
                        0.046174,
                        0.059644000000000003,
                        1722152732.8471,
                        39973855380313616
>>>>>>> origin/main
                    ],
                    "sub": []
                }
            ]
        },
        {
            "stat": [
                "main",
                "exit",
<<<<<<< HEAD
                0.2376859188079834,
                0.097755999999999996,
                0.082479999999999998,
                244828,
                251712,
                0.047489999999999997,
                0.063284999999999994,
                1721802461.8088019,
                39135175503273296
=======
                0.28928804397583008,
                0.14851700000000001,
                0.087536000000000003,
                249548,
                255728,
                0.046174,
                0.059644000000000003,
                1722152732.847425,
                39973855381073314
>>>>>>> origin/main
            ],
            "sub": []
        }
    ],
<<<<<<< HEAD
    "NameTable": {
        "std": [
            "std",
            "reYIK",
            "module",
            1
        ],
        "tb": [
            "tb",
            "g7hgQ",
            "module",
            4
        ],
        "...MASTER...": [
            "SIM",
            "amcQw",
            "module",
            3
        ]
    },
    "stat": {
        "cpu_cycles_end": 39135175503328728,
        "mop/quad": 2.2489196197061365,
        "totalObjSize": 153538,
        "ru_self_cgstart": {
            "ru_utime_sec": 0.069696999999999995,
            "ru_stime_sec": 0.068686999999999998,
            "ru_majflt": 0,
            "ru_minflt": 24810,
            "ru_maxrss_kb": 73264,
            "ru_nivcsw": 47,
            "ru_nvcsw": 30
        },
        "ru_self_end": {
            "ru_utime_sec": 0.097805000000000003,
            "ru_stime_sec": 0.082479999999999998,
            "ru_majflt": 0,
            "ru_minflt": 27729,
            "ru_maxrss_kb": 80328,
            "ru_nivcsw": 54,
            "ru_nvcsw": 31
        },
        "ru_childs_cgstart": {
            "ru_utime_sec": 0.043244999999999999,
            "ru_stime_sec": 0.060101000000000002,
            "ru_majflt": 0,
            "ru_minflt": 10577,
            "ru_maxrss_kb": 21984,
            "ru_nivcsw": 22,
            "ru_nvcsw": 25
        },
        "mopSpeed": 80425.308317621195,
        "nQuads": 1157,
        "cpu_cycles_cgstart": 39135175384859344,
        "nMops": 2602,
        "ru_childs_end": {
            "ru_utime_sec": 0.047489999999999997,
            "ru_stime_sec": 0.063284999999999994,
            "ru_majflt": 0,
            "ru_minflt": 11164,
            "ru_maxrss_kb": 22384,
            "ru_nivcsw": 24,
            "ru_nvcsw": 26
        },
        "cpu_cycles_total": 525268576,
        "quadSpeed": 35761.753160448774,
        "outputSizePerQuad": 132.70354364736386,
        "Frontend(%)": 77.732888261812164,
        "CodeGen(%)": 22.26711173818784,
        "peak_mem_kb": 251712,
        "realTime": 0.23777198791503906
    },
    "MlibObjs": {},
    "rlimit": {
        "data": -1,
        "stack": -1
    },
    "PrevCompiledModules": {
        "std": {
            "reYIK_d": {
                "out": "reYIK_d.o",
                "bytes": 35236,
                "mod": "std",
                "mode": 4,
                "checksum": 0,
                "archive": "archive.535/_prev_archive_1.a"
            }
        },
        "tb": {
            "g7hgQ_d": {
                "out": "g7hgQ_d.o",
                "bytes": 53612,
                "mod": "tb",
                "mode": 4,
                "checksum": 0,
                "archive": "archive.535/_216210_archive_1.a"
=======
    "stat": {
        "outputSizePerQuad": 158.99494665918024,
        "peak_mem_kb": 255728,
        "ru_self_cgstart": {
            "ru_maxrss_kb": 75792,
            "ru_utime_sec": 0.104058,
            "ru_stime_sec": 0.071663000000000004,
            "ru_minflt": 25955,
            "ru_majflt": 0,
            "ru_nvcsw": 30,
            "ru_nivcsw": 60
        },
        "mopSpeed": 79208.770461908163,
        "cpu_cycles_cgstart": 39973855218266894,
        "ru_childs_cgstart": {
            "ru_maxrss_kb": 22736,
            "ru_utime_sec": 0.044054000000000003,
            "ru_stime_sec": 0.054344000000000003,
            "ru_minflt": 10573,
            "ru_majflt": 0,
            "ru_nvcsw": 25,
            "ru_nivcsw": 22
        },
        "nMops": 3692,
        "cpu_cycles_end": 39973855381135266,
        "totalObjSize": 283170,
        "ru_childs_end": {
            "ru_maxrss_kb": 23140,
            "ru_utime_sec": 0.046174,
            "ru_stime_sec": 0.059644000000000003,
            "ru_minflt": 11160,
            "ru_majflt": 0,
            "ru_nvcsw": 26,
            "ru_nivcsw": 24
        },
        "nQuads": 1781,
        "ru_self_end": {
            "ru_maxrss_kb": 85776,
            "ru_utime_sec": 0.14854899999999999,
            "ru_stime_sec": 0.087554999999999994,
            "ru_minflt": 29633,
            "ru_majflt": 0,
            "ru_nvcsw": 31,
            "ru_nivcsw": 74
        },
        "cpu_cycles_total": 647534466,
        "quadSpeed": 38209.864624230344,
        "mop/quad": 2.0729927007299271,
        "Frontend(%)": 76.062920148107835,
        "CodeGen(%)": 23.937079851892168,
        "realTime": 0.28937697410583496
    },
    "MlibObjs": {},
    "PrevCompiledModules": {
        "std": {
            "reYIK_d": {
                "bytes": 21522,
                "mod": "std",
                "mode": 4,
                "checksum": 0,
                "out": "reYIK_d.o",
                "archive": "archive.24/_204672_archive_1.a"
>>>>>>> origin/main
            }
        },
        "...MASTER...": {
            "amcQw_d": {
<<<<<<< HEAD
                "out": "objs/amcQw_d.o",
                "bytes": 7724,
                "mod": "...MASTER...",
                "mode": 4,
                "checksum": 0
            }
        }
    },
    "CompileStrategy": "fullobj",
    "cpu_cycles_pass2_start": 39135175384734418,
    "CurCompileUdps": {},
    "CompileProcesses": [
        "cgproc.216210.json"
    ],
    "incremental": "on",
    "LVLData": [
        "SIM"
    ],
    "CurCompileModules": [
        "...MASTER...",
        "std",
        "tb",
        "tb"
    ],
    "Misc": {
        "master_pid": 216210,
        "daidir": "/Users/students/cadiga/DV/Reuse/membank.simv.daidir",
        "vcs_version": "O-2018.09-SP1_Full64",
        "vcs_build_date": "Build Date = Nov 29 2018 20:31:24",
        "cwd": "/Users/students/cadiga/DV/Reuse",
        "VCS_HOME": "/packages/synopsys/vcs_mx/O-2018.09-SP1",
        "archive_dir": "archive.535",
        "hostname": "nano.sfsu.edu",
        "default_output_dir": "csrc",
        "csrc": "csrc",
        "csrc_abs": "/Users/students/cadiga/DV/Reuse/csrc",
        "daidir_abs": "/Users/students/cadiga/DV/Reuse/membank.simv.daidir"
    },
    "PEModules": [],
    "CompileStatus": "Successful"
=======
                "bytes": 4952,
                "mod": "...MASTER...",
                "mode": 4,
                "checksum": 0,
                "out": "objs/amcQw_d.o"
            }
        }
    },
    "cpu_cycles_pass2_start": 39973855218171492,
    "PEModules": [],
    "CurCompileUdps": {},
    "CompileStatus": "Successful",
    "SIMBData": {
        "archive": "archive.24/_204672_archive_1.a",
        "out": "amcQwB.o",
        "bytes": 103798,
        "text": 0
    },
    "incremental": "on",
    "CurCompileModules": [
        "...MASTER...",
        "...MASTER...",
        "_vcs_unit__3784163380",
        "_vcs_unit__3784163380",
        "std",
        "std",
        "top",
        "top",
        "main",
        "main",
        "apb_if",
        "apb_if",
        "apb_subordinate",
        "apb_subordinate"
    ],
    "LVLData": [
        "SIM"
    ],
    "Misc": {
        "archive_dir": "archive.24",
        "vcs_version": "O-2018.09-SP1_Full64",
        "hostname": "nano.sfsu.edu",
        "VCS_HOME": "/packages/synopsys/vcs_mx/O-2018.09-SP1",
        "vcs_build_date": "Build Date = Nov 29 2018 20:31:24",
        "master_pid": 204672,
        "cwd": "/Users/students/cadiga/DV/Reuse/APB",
        "csrc": "csrc",
        "default_output_dir": "csrc",
        "csrc_abs": "/Users/students/cadiga/DV/Reuse/APB/csrc",
        "daidir": "/Users/students/cadiga/DV/Reuse/APB/wrapoutputop.simv.daidir",
        "daidir_abs": "/Users/students/cadiga/DV/Reuse/APB/wrapoutputop.simv.daidir"
    },
    "rlimit": {
        "data": -1,
        "stack": -1
    }
>>>>>>> origin/main
}