{
    "Modules": {
        "...MASTER...": {
            "child_modules": {
                "std": 1,
                "tb": 1
            },
            "start_perf": [
                0.18835306167602539,
                0.069750000000000006,
                0.068738999999999995,
                239820,
                251712,
                1721802461.759469,
                39135175385258430
            ],
            "end_perf": [
                0.20273113250732422,
                0.071196999999999996,
                0.074204999999999993,
                241356,
                251712,
                39135175419781104,
                0,
                0
            ],
            "nQuads": 0,
            "nMops": 0,
            "nRouts": 5
        },
        "std": {
            "child_modules": {},
            "start_perf": [
                0.20303893089294434,
                0.071339,
                0.074354000000000003,
                241356,
                251712,
                1721802461.7741549,
                39135175420481336
            ],
            "Compiled": "Yes",
            "end_perf": [
                0.21159601211547852,
                0.077619999999999995,
                0.076612,
                241372,
                251712,
                39135175440855896,
                8589934594,
                0
            ],
            "nQuads": 218,
            "Compiled Times": 536,
            "svclass": [
                "$vcs_nba_dyn_obj",
                0,
                37,
                2,
                2,
                0,
                "sigprop$$",
                0,
                37,
                2,
                2,
                0,
                "process",
                0,
                184,
                8,
                8,
                0,
                "event",
                0,
                36,
                2,
                2,
                0,
                "mailbox",
                0,
                107,
                9,
                9,
                0,
                "semaphore",
                0,
                71,
                5,
                5,
                0
            ],
            "nMops": 472,
            "nRouts": 33
        },
        "tb": {
            "child_modules": {},
            "start_perf": [
                0.21166801452636719,
                0.077619999999999995,
                0.076684000000000002,
                241372,
                251712,
                1721802461.782784,
                39135175440995644
            ],
            "Compiled": "Yes",
            "end_perf": [
                0.23284101486206055,
                0.095228999999999994,
                0.080191999999999999,
                245224,
                251712,
                39135175491690982,
                17179869185,
                0
            ],
            "nQuads": 939,
            "Compiled Times": 13,
            "significant_routs": [
                [
                    81,
                    "R_VCSgd_g7hgQ_51",
                    2096450,
                    1400,
                    259
                ]
            ],
            "nMops": 2130,
            "nRouts": 107
        }
    },
    "stat": {
        "ru_self_end": {
            "ru_utime_sec": 0.097568000000000002,
            "ru_stime_sec": 0.082479999999999998,
            "ru_majflt": 0,
            "ru_minflt": 27725,
            "ru_maxrss_kb": 80328,
            "ru_nivcsw": 54,
            "ru_nvcsw": 31
        },
        "ru_childs_end": {
            "ru_utime_sec": 0.047489999999999997,
            "ru_stime_sec": 0.063284999999999994,
            "ru_majflt": 0,
            "ru_minflt": 11164,
            "ru_maxrss_kb": 22384,
            "ru_nivcsw": 24,
            "ru_nvcsw": 26
        },
        "cpu_cycles_end": 39135175502759238,
        "peak_mem_kb": 251712
    },
    "ObjArchives": [
        {
            "archive": "archive.535/_216210_archive_1.a",
            "objects": [
                [
                    "g7hgQ_d.o",
                    53552
                ],
                [
                    "amcQwB.o",
                    99986
                ]
            ],
            "size": 153538
        }
    ],
    "CompUnits": {
        "g7hgQ_d": {
            "mod": "tb",
            "bytes": 53552,
            "out": "g7hgQ_d.o",
            "mode": 4,
            "text": 16244,
            "checksum": 0,
            "archive": "archive.535/_216210_archive_1.a"
        }
    },
    "reusePaths": {
        "amcQw_d": {
            "icPath": "csrc"
        },
        "reYIK_d": {
            "icPath": "csrc"
        }
    }
}