{
    "reusePaths": {},
    "CompUnits": {
        "Pe4Ff_d": {
            "text": 3513,
            "mod": "_vcs_unit__3784163380",
            "archive": "archive.24/_204672_archive_1.a",
            "out": "Pe4Ff_d.o",
            "bytes": 30918,
            "cls": 3252,
            "mode": 4,
            "checksum": 0
        },
        "amcQw_d": {
            "text": 474,
            "mod": "...MASTER...",
            "out": "objs/amcQw_d.o",
            "bytes": 8062,
            "mode": 4,
            "checksum": 0
        },
        "reYIK_d": {
            "text": 4754,
            "mod": "std",
            "archive": "archive.24/_204672_archive_1.a",
            "out": "reYIK_d.o",
            "bytes": 35388,
            "cls": 4461,
            "mode": 4,
            "checksum": 0
        },
        "Emx8S_d": {
            "text": 10194,
            "mod": "top",
            "archive": "archive.24/_204672_archive_1.a",
            "out": "Emx8S_d.o",
            "bytes": 39992,
            "mode": 4,
            "checksum": 0
        },
        "ydvCS_d": {
            "text": 4224,
            "mod": "main",
            "archive": "archive.24/_204672_archive_1.a",
            "out": "ydvCS_d.o",
            "bytes": 20804,
            "mode": 4,
            "checksum": 0
        },
        "NpzHz_d": {
            "text": 2251,
            "mod": "apb_subordinate",
            "archive": "archive.24/_204672_archive_1.a",
            "out": "NpzHz_d.o",
            "bytes": 12452,
            "mode": 4,
            "checksum": 0
        },
        "d9vZk_d": {
            "text": 7123,
            "mod": "apb_if",
            "archive": "archive.24/_204672_archive_1.a",
            "out": "d9vZk_d.o",
            "bytes": 31756,
            "mode": 4,
            "checksum": 0
        }
    },
    "Modules": {
        "main": {
            "nQuads": 177,
            "child_modules": {},
            "start_perf": [
                0.2661440372467041,
                0.130547,
                0.082449999999999996,
                248536,
                255728,
                1722152732.824281,
                39973855325654650
            ],
            "Compiled": "Yes",
            "Compiled Times": 1,
            "nMops": 517,
            "end_perf": [
                0.27146816253662109,
                0.134718,
                0.083584000000000006,
                248536,
                255728,
                39973855338426990,
                21474836481,
                0
            ],
            "nRouts": 25
        },
        "...MASTER...": {
            "nQuads": 0,
            "child_modules": {
                "std": 1,
                "top": 1,
                "_vcs_unit__3784163380": 1
            },
            "start_perf": [
                0.22141098976135254,
                0.104116,
                0.071703000000000003,
                240360,
                255728,
                1722152732.7795479,
                39973855218613050
            ],
            "nMops": 0,
            "end_perf": [
                0.23597812652587891,
                0.10466300000000001,
                0.078253000000000003,
                242832,
                255728,
                39973855253503686,
                0,
                0
            ],
            "nRouts": 5
        },
        "apb_if": {
            "start_perf": [
                0.27151608467102051,
                0.13474800000000001,
                0.083601999999999996,
                248536,
                255728,
                1722152732.829653,
                39973855338516792
            ],
            "nQuads": 526,
            "child_modules": {},
            "svclass": [
                "apb_if_vcs_virt_intf_C",
                0,
                0,
                0,
                0,
                0
            ],
            "Compiled": "Yes",
            "Compiled Times": 1,
            "nMops": 813,
            "end_perf": [
                0.27949714660644531,
                0.14168700000000001,
                0.084617999999999999,
                248536,
                255728,
                39973855357688642,
                25769803777,
                0
            ],
            "nRouts": 92
        },
        "_vcs_unit__3784163380": {
            "start_perf": [
                0.23614406585693359,
                0.104753,
                0.078320000000000001,
                242832,
                255728,
                1722152732.794281,
                39973855253880808
            ],
            "nQuads": 113,
            "child_modules": {},
            "svclass": [
                "arr",
                303,
                34,
                3,
                2,
                4294967312,
                "tx_item",
                303,
                34,
                2,
                2,
                4294967331,
                "driver",
                1423,
                136,
                6,
                4,
                4294967341,
                "scenario",
                1223,
                97,
                5,
                3,
                4294967360
            ],
            "Compiled": "Yes",
            "Compiled Times": 1,
            "nMops": 301,
            "end_perf": [
                0.24703001976013184,
                0.112638,
                0.081295000000000006,
                246872,
                255728,
                39973855279909736,
                4294967297,
                0
            ],
            "nRouts": 22
        },
        "std": {
            "start_perf": [
                0.24708104133605957,
                0.112668,
                0.081317,
                246872,
                255728,
                1722152732.805218,
                39973855280010122
            ],
            "nQuads": 218,
            "child_modules": {},
            "svclass": [
                "$vcs_nba_dyn_obj",
                385,
                37,
                2,
                2,
                0,
                "sigprop$$",
                385,
                37,
                2,
                2,
                0,
                "process",
                1645,
                184,
                8,
                8,
                0,
                "event",
                462,
                36,
                2,
                2,
                0,
                "mailbox",
                912,
                107,
                9,
                9,
                0,
                "semaphore",
                672,
                71,
                5,
                5,
                0
            ],
            "Compiled": "Yes",
            "Compiled Times": 25,
            "nMops": 472,
            "end_perf": [
                0.25300502777099609,
                0.117585,
                0.082308999999999993,
                246872,
                255728,
                39973855294219516,
                8589934594,
                0
            ],
            "nRouts": 33
        },
        "top": {
            "nQuads": 605,
            "child_modules": {
                "apb_if": 1,
                "apb_subordinate": 2,
                "main": 1
            },
            "start_perf": [
                0.25305914878845215,
                0.117617,
                0.082332000000000002,
                246872,
                255728,
                1722152732.8111961,
                39973855294324952
            ],
            "Compiled": "Yes",
            "Compiled Times": 1,
            "nMops": 1251,
            "end_perf": [
                0.26607894897460938,
                0.13050600000000001,
                0.082424999999999998,
                248536,
                255728,
                39973855325563992,
                12884901889,
                0
            ],
            "nRouts": 92
        },
        "apb_subordinate": {
            "nQuads": 142,
            "child_modules": {},
            "start_perf": [
                0.27956509590148926,
                0.14172899999999999,
                0.084643999999999997,
                248536,
                255728,
                1722152732.837702,
                39973855357789204
            ],
            "Compiled": "Yes",
            "Compiled Times": 1,
            "nMops": 338,
            "end_perf": [
                0.2838890552520752,
                0.14527999999999999,
                0.085401000000000005,
                248536,
                255728,
                39973855368169074,
                30064771073,
                0
            ],
            "nRouts": 22
        }
    },
    "ObjArchives": [
        {
            "size": 275108,
            "archive": "archive.24/_204672_archive_1.a",
            "objects": [
                [
                    "Pe4Ff_d.o",
                    30918
                ],
                [
                    "reYIK_d.o",
                    35388
                ],
                [
                    "Emx8S_d.o",
                    39992
                ],
                [
                    "ydvCS_d.o",
                    20804
                ],
                [
                    "d9vZk_d.o",
                    31756
                ],
                [
                    "NpzHz_d.o",
                    12452
                ],
                [
                    "amcQwB.o",
                    103798
                ]
            ]
        }
    ],
    "stat": {
        "ru_self_end": {
            "ru_maxrss_kb": 85776,
            "ru_utime_sec": 0.14835899999999999,
            "ru_stime_sec": 0.087443000000000007,
            "ru_minflt": 29629,
            "ru_majflt": 0,
            "ru_nvcsw": 31,
            "ru_nivcsw": 74
        },
        "ru_childs_end": {
            "ru_maxrss_kb": 23140,
            "ru_utime_sec": 0.046174,
            "ru_stime_sec": 0.059644000000000003,
            "ru_minflt": 11160,
            "ru_majflt": 0,
            "ru_nvcsw": 26,
            "ru_nivcsw": 24
        },
        "cpu_cycles_end": 39973855380409090,
        "peak_mem_kb": 255728
    }
}