{
    "CompileStrategy": "fullobj",
    "NameTable": {
        "std": [
            "std",
            "reYIK",
            "module",
            1
        ],
        "tb_memory_reader": [
            "tb_memory_reader",
            "juIHK",
            "module",
            2
        ],
        "...MASTER...": [
            "SIM",
            "amcQw",
            "module",
            3
        ]
    },
    "cycles_program_begin": 38867548560724160,
    "LVLData": [
        "SIM"
    ],
    "perf": [
        {
            "stat": [
                "main",
                "entry",
                0.017523050308227539,
                0.036903999999999999,
                0.043886000000000001,
                214900,
                214900,
                0.0,
                0.0,
                1721690688.5690351,
                38867548560953782
            ],
            "sub": [
                {
                    "stat": [
                        "doParsingAndDesignResolution",
                        "entry",
                        0.043037891387939453,
                        0.047855000000000002,
                        0.048852,
                        236664,
                        237332,
                        0.0,
                        0.0,
                        1721690688.5945499,
                        38867548622216240
                    ],
                    "sub": []
                },
                {
                    "stat": [
                        "doParsingAndDesignResolution",
                        "exit",
                        0.052670001983642578,
                        0.053629000000000003,
                        0.052636000000000002,
                        236916,
                        237564,
                        0.0,
                        0.0,
                        1721690688.604182,
                        38867548645172124
                    ],
                    "sub": []
                },
                {
                    "stat": [
                        "doPostDesignResolutionToVir2Vcs",
                        "entry",
                        0.053833961486816406,
                        0.054708,
                        0.052719000000000002,
                        237076,
                        237564,
                        0.0,
                        0.0,
                        1721690688.605346,
                        38867548647933500
                    ],
                    "sub": [
                        {
                            "stat": [
                                "doUptoVir2VcsNoSepCleanup",
                                "entry",
                                0.058785915374755859,
                                0.056818,
                                0.055550000000000002,
                                238076,
                                238080,
                                0.0,
                                0.0,
                                1721690688.6102979,
                                38867548659713166
                            ],
                            "sub": []
                        },
                        {
                            "stat": [
                                "doUptoVir2VcsNoSepCleanup",
                                "exit",
                                0.070924043655395508,
                                0.063700999999999994,
                                0.059720000000000002,
                                239136,
                                251480,
                                0.0,
                                0.0,
                                1721690688.622436,
                                38867548688784522
                            ],
                            "sub": []
                        },
                        {
                            "stat": [
                                "doRadify_vir2vcsAll",
                                "entry",
                                0.070993900299072266,
                                0.063738000000000003,
                                0.059754000000000002,
                                239136,
                                251480,
                                0.0,
                                0.0,
                                1721690688.6225059,
                                38867548688926890
                            ],
                            "sub": []
                        },
                        {
                            "stat": [
                                "doRadify_vir2vcsAll",
                                "exit",
                                0.073715925216674805,
                                0.065587999999999994,
                                0.060618999999999999,
                                240752,
                                251480,
                                0.0,
                                0.0,
                                1721690688.6252279,
                                38867548695478772
                            ],
                            "sub": []
                        }
                    ]
                },
                {
                    "stat": [
                        "doPostDesignResolutionToVir2Vcs",
                        "exit",
                        0.073765993118286133,
                        0.065614000000000006,
                        0.060643000000000002,
                        240752,
                        251480,
                        0.0,
                        0.0,
                        1721690688.625278,
                        38867548695561212
                    ],
                    "sub": []
                },
                {
                    "stat": [
                        "doGAToPass2",
                        "entry",
                        0.073798894882202148,
                        0.065630999999999995,
                        0.060658999999999998,
                        240752,
                        251480,
                        0.0,
                        0.0,
                        1721690688.6253109,
                        38867548695635436
                    ],
                    "sub": [
                        {
                            "stat": [
                                "DoPass2",
                                "entry",
                                0.12752294540405273,
                                0.068269999999999997,
                                0.061344000000000003,
                                239196,
                                251480,
                                0.027344,
                                0.024131,
                                1721690688.6790349,
                                38867548824461798
                            ],
                            "sub": []
                        },
                        {
                            "stat": [
                                "DoPass2",
                                "exit",
                                0.15158700942993164,
                                0.078492000000000006,
                                0.075117000000000003,
                                247196,
                                251480,
                                0.027344,
                                0.024131,
                                1721690688.703099,
                                38867548881912618
                            ],
                            "sub": []
                        }
                    ]
                },
                {
                    "stat": [
                        "doGAToPass2",
                        "exit",
                        0.15393400192260742,
                        0.079464999999999994,
                        0.076484999999999997,
                        247196,
                        251480,
                        0.027344,
                        0.024131,
                        1721690688.705446,
                        38867548887532708
                    ],
                    "sub": []
                }
            ]
        },
        {
            "stat": [
                "main",
                "exit",
                0.15418696403503418,
                0.079593999999999998,
                0.076608999999999997,
                247188,
                251480,
                0.027344,
                0.024131,
                1721690688.705699,
                38867548888120968
            ],
            "sub": []
        }
    ],
    "CompileProcesses": [
        "cgproc.5205.json"
    ],
    "PrevCompiledModules": {},
    "MlibObjs": {},
    "rlimit": {
        "data": -1,
        "stack": -1
    },
    "PEModules": [],
    "CompileStatus": "Successful",
    "cpu_cycles_pass2_start": 38867548824479824,
    "stat": {
        "mopSpeed": 62483.358480518335,
        "ru_self_cgstart": {
            "ru_minflt": 24059,
            "ru_utime_sec": 0.068351999999999996,
            "ru_nivcsw": 30,
            "ru_maxrss_kb": 70628,
            "ru_stime_sec": 0.061418,
            "ru_majflt": 0,
            "ru_nvcsw": 22
        },
        "totalObjSize": 154674,
        "realTime": 0.15427803993225098,
        "CodeGen(%)": 10.533548984228192,
        "ru_childs_cgstart": {
            "ru_minflt": 6310,
            "ru_utime_sec": 0.027344,
            "ru_nivcsw": 7,
            "ru_maxrss_kb": 21176,
            "ru_stime_sec": 0.024131,
            "ru_majflt": 0,
            "ru_nvcsw": 17
        },
        "cpu_cycles_cgstart": 38867548824609696,
        "outputSizePerQuad": 449.63372093023258,
        "peak_mem_kb": 251480,
        "nMops": 704,
        "mop/quad": 2.0465116279069768,
        "Frontend(%)": 89.466451015771824,
        "ru_self_end": {
            "ru_minflt": 26620,
            "ru_utime_sec": 0.079618999999999995,
            "ru_nivcsw": 34,
            "ru_maxrss_kb": 77728,
            "ru_stime_sec": 0.076633000000000007,
            "ru_majflt": 0,
            "ru_nvcsw": 22
        },
        "quadSpeed": 30531.641075707823,
        "nQuads": 344,
        "ru_childs_end": {
            "ru_minflt": 6310,
            "ru_utime_sec": 0.027344,
            "ru_nivcsw": 7,
            "ru_maxrss_kb": 21176,
            "ru_stime_sec": 0.024131,
            "ru_majflt": 0,
            "ru_nvcsw": 17
        },
        "cpu_cycles_total": 327465382,
        "cpu_cycles_end": 38867548888189542
    },
    "CurCompileUdps": {},
    "SIMBData": {
        "bytes": 97922,
        "out": "amcQwB.o",
        "text": 0,
        "archive": "archive.0/_5205_archive_1.a"
    },
    "incremental": "on",
    "CurCompileModules": [
        "...MASTER...",
        "...MASTER...",
        "std",
        "std",
        "tb_memory_reader",
        "tb_memory_reader"
    ],
    "Misc": {
        "archive_dir": "archive.0",
        "VCS_HOME": "/packages/synopsys/vcs_mx/O-2018.09-SP1",
        "vcs_version": "O-2018.09-SP1_Full64",
        "vcs_build_date": "Build Date = Nov 29 2018 20:31:24",
        "hostname": "nano.sfsu.edu",
        "daidir": "/Users/students/cadiga/DV/Reuse/Memory_Read/simv.daidir",
        "master_pid": 5205,
        "cwd": "/Users/students/cadiga/DV/Reuse/Memory_Read",
        "csrc": "csrc",
        "csrc_abs": "/Users/students/cadiga/DV/Reuse/Memory_Read/csrc",
        "daidir_abs": "/Users/students/cadiga/DV/Reuse/Memory_Read/simv.daidir",
        "default_output_dir": "csrc"
    }
}