{
    "Modules": {
        "...MASTER...": {
            "start_perf": [
                0.12778306007385254,
                0.068407999999999997,
                0.061468000000000002,
                239196,
                251480,
                1721690688.6792951,
                38867548825010086
            ],
            "nRouts": 5,
            "child_modules": {
                "tb_memory_reader": 1,
                "std": 1
            },
            "nQuads": 0,
            "significant_routs": [
                [
                    1,
                    "SIM",
                    2782132,
                    242,
                    0
                ]
            ],
            "nMops": 0,
            "end_perf": [
                0.1359870433807373,
                0.071512999999999993,
                0.066546999999999995,
                241476,
                251480,
                38867548844572270,
                0,
                0
            ]
        },
        "std": {
            "start_perf": [
                0.13609409332275391,
                0.071565000000000004,
                0.066595000000000001,
                241476,
                251480,
                1721690688.6876061,
                38867548844811242
            ],
            "Compiled": "Yes",
            "nRouts": 33,
            "child_modules": {},
            "svclass": [
                "$vcs_nba_dyn_obj",
                385,
                37,
                2,
                2,
                0,
                "sigprop$$",
                385,
                37,
                2,
                2,
                0,
                "process",
                1645,
                184,
                8,
                8,
                0,
                "event",
                462,
                36,
                2,
                2,
                0,
                "mailbox",
                922,
                107,
                9,
                9,
                0,
                "semaphore",
                682,
                71,
                5,
                5,
                0
            ],
            "Compiled Times": 1,
            "nQuads": 218,
            "significant_routs": [
                [
                    24,
                    "F_VCSgd_reYIK_24_0",
                    2199660,
                    990,
                    97
                ]
            ],
            "end_perf": [
                0.14501094818115234,
                0.076508999999999994,
                0.070546999999999999,
                245728,
                251480,
                38867548866189098,
                8589934594,
                0
            ],
            "nMops": 472
        },
        "tb_memory_reader": {
            "start_perf": [
                0.14507293701171875,
                0.076540999999999998,
                0.070577000000000001,
                245728,
                251480,
                1721690688.6965849,
                38867548866306886
            ],
            "Compiled": "Yes",
            "nRouts": 20,
            "child_modules": {},
            "Compiled Times": 1,
            "nQuads": 126,
            "significant_routs": [
                [
                    8,
                    "R_VCSgd_juIHK_8",
                    1852170,
                    1000,
                    141
                ]
            ],
            "nMops": 232,
            "end_perf": [
                0.14899396896362305,
                0.078492000000000006,
                0.072530999999999998,
                245728,
                251480,
                38867548875711590,
                12884901889,
                0
            ]
        }
    },
    "ObjArchives": [
        {
            "archive": "archive.0/_5205_archive_1.a",
            "objects": [
                [
                    "reYIK_d.o",
                    35330
                ],
                [
                    "juIHK_d.o",
                    13682
                ],
                [
                    "amcQwB.o",
                    97922
                ]
            ],
            "size": 146934
        }
    ],
    "CompUnits": {
        "amcQw_d": {
            "mod": "...MASTER...",
            "bytes": 7740,
            "out": "objs/amcQw_d.o",
            "text": 434,
            "checksum": 0,
            "mode": 4
        },
        "juIHK_d": {
            "mod": "tb_memory_reader",
            "bytes": 13682,
            "out": "juIHK_d.o",
            "text": 1984,
            "checksum": 0,
            "mode": 4,
            "archive": "archive.0/_5205_archive_1.a"
        },
        "reYIK_d": {
            "mod": "std",
            "bytes": 35330,
            "out": "reYIK_d.o",
            "text": 4774,
            "archive": "archive.0/_5205_archive_1.a",
            "cls": 4481,
            "checksum": 0,
            "mode": 4
        }
    },
    "stat": {
        "ru_self_end": {
            "ru_minflt": 26616,
            "ru_utime_sec": 0.079501000000000002,
            "ru_nivcsw": 34,
            "ru_maxrss_kb": 77728,
            "ru_stime_sec": 0.076520000000000005,
            "ru_majflt": 0,
            "ru_nvcsw": 22
        },
        "ru_childs_end": {
            "ru_minflt": 6310,
            "ru_utime_sec": 0.027344,
            "ru_nivcsw": 7,
            "ru_maxrss_kb": 21176,
            "ru_stime_sec": 0.024131,
            "ru_majflt": 0,
            "ru_nvcsw": 17
        },
        "cpu_cycles_end": 38867548887624848,
        "peak_mem_kb": 251480
    },
    "reusePaths": {}
}