{
    "apb_if": [
        "apb_if",
        "d9vZk",
        "module",
        1
    ],
    "_vcs_unit__3784163380": [
        "_vcs_unit__3784163380",
        "Pe4Ff",
        "module",
        5
    ],
    "std": [
        "std",
        "reYIK",
        "module",
        2
    ],
    "top": [
        "top",
        "Emx8S",
        "module",
        4
    ],
    "...MASTER...": [
        "SIM",
        "amcQw",
        "module",
        7
    ],
    "main": [
        "main",
        "ydvCS",
        "module",
        3
    ],
    "apb_subordinate": [
        "apb_subordinate",
        "NpzHz",
        "module",
        9
    ]
}