{
    "_vcs_unit__2536589776": [
        "_vcs_unit__2536589776",
        "tdjhx",
        "module",
<<<<<<< HEAD
        2
    ],
    "mem_if": [
        "mem_if",
        "CVSsc",
        "module",
        7
=======
        1
    ],
    "top": [
        "top",
        "Emx8S",
        "module",
        3
>>>>>>> origin/main
    ],
    "std": [
        "std",
        "reYIK",
        "module",
<<<<<<< HEAD
        1
    ],
    "top": [
        "top",
        "Emx8S",
=======
        2
    ],
    "...MASTER...": [
        "SIM",
        "amcQw",
        "module",
        7
    ],
    "mem_if": [
        "mem_if",
        "CVSsc",
>>>>>>> origin/main
        "module",
        5
    ],
    "main": [
        "main",
        "ydvCS",
        "module",
<<<<<<< HEAD
        6
=======
        4
>>>>>>> origin/main
    ],
    "mem8KB": [
        "mem8KB",
        "Ma4J6",
        "module",
<<<<<<< HEAD
        8
    ],
    "...MASTER...": [
        "SIM",
        "amcQw",
        "module",
        3
=======
        6
>>>>>>> origin/main
    ]
}