{
    "stat": {
        "realTime": 0.17640590667724609,
        "ru_self_cgstart": {
            "ru_majflt": 0,
            "ru_utime_sec": 0.083978999999999998,
            "ru_stime_sec": 0.052982000000000001,
            "ru_maxrss_kb": 71920,
            "ru_minflt": 24322,
            "ru_nvcsw": 23,
            "ru_nivcsw": 41
        },
        "totalObjSize": 93274,
        "quadSpeed": 34456.928838951295,
        "CodeGen(%)": 13.350513481287749,
        "ru_childs_cgstart": {
            "ru_majflt": 0,
            "ru_utime_sec": 0.028660999999999999,
            "ru_stime_sec": 0.027036000000000001,
            "ru_maxrss_kb": 21588,
            "ru_minflt": 6310,
            "ru_nvcsw": 17,
            "ru_nivcsw": 7
        },
        "outputSizePerQuad": 155.97658862876253,
        "mop/quad": 2.2290969899665551,
        "cpu_cycles_cgstart": 39141336779253684,
        "nMops": 1333,
        "ru_childs_end": {
            "ru_majflt": 0,
            "ru_utime_sec": 0.031602999999999999,
            "ru_stime_sec": 0.031938000000000001,
            "ru_maxrss_kb": 22016,
            "ru_minflt": 6897,
            "ru_nvcsw": 18,
            "ru_nivcsw": 11
        },
        "nQuads": 598,
        "mopSpeed": 76807.836358398112,
        "ru_self_end": {
            "ru_majflt": 0,
            "ru_utime_sec": 0.098391999999999993,
            "ru_stime_sec": 0.067582000000000003,
            "ru_maxrss_kb": 78344,
            "ru_minflt": 26906,
            "ru_nvcsw": 24,
            "ru_nivcsw": 47
        },
        "cpu_cycles_end": 39141336868711714,
        "cpu_cycles_total": 379121230,
        "Frontend(%)": 86.649486518712251,
        "peak_mem_kb": 251684
    },
    "cycles_program_begin": 39141336489590484,
    "LVLData": [
        "SIM"
    ],
    "PrevCompiledModules": {
        "std": {
            "reYIK_d": {
                "mode": 4,
                "bytes": 33312,
                "mod": "std",
                "checksum": 0,
                "archive": "archive.9/_prev_archive_1.a",
                "out": "reYIK_d.o"
            }
        },
        "tb": {
            "g7hgQ_d": {
                "mode": 4,
                "bytes": 32274,
                "mod": "tb",
                "out": "g7hgQ_d.o",
                "checksum": 0,
                "archive": "archive.9/_233050_archive_1.a"
            }
        },
        "...MASTER...": {
            "amcQw_d": {
                "mode": 4,
                "bytes": 7724,
                "mod": "...MASTER...",
                "checksum": 0,
                "out": "objs/amcQw_d.o"
            }
        }
    },
    "perf": [
        {
            "stat": [
                "main",
                "entry",
                0.018076896667480469,
                0.051797000000000003,
                0.027890000000000002,
                214660,
                214660,
                0.0,
                0.0,
                1721805034.918273,
                39141336489811166
            ],
            "sub": [
                {
                    "stat": [
                        "doParsingAndDesignResolution",
                        "entry",
                        0.045174837112426758,
                        0.062377000000000002,
                        0.036634,
                        236520,
                        237188,
                        0.0,
                        0.0,
                        1721805034.9453709,
                        39141336554821836
                    ],
                    "sub": []
                },
                {
                    "stat": [
                        "doParsingAndDesignResolution",
                        "exit",
                        0.058394908905029297,
                        0.071441000000000004,
                        0.040724999999999997,
                        237420,
                        238068,
                        0.0,
                        0.0,
                        1721805034.958591,
                        39141336586345916
                    ],
                    "sub": []
                },
                {
                    "stat": [
                        "doPostDesignResolutionToVir2Vcs",
                        "entry",
                        0.05846095085144043,
                        0.071507000000000001,
                        0.040724999999999997,
                        237420,
                        238068,
                        0.0,
                        0.0,
                        1721805034.958657,
                        39141336586469076
                    ],
                    "sub": [
                        {
                            "stat": [
                                "doUptoVir2VcsNoSepCleanup",
                                "entry",
                                0.064123868942260742,
                                0.073557999999999998,
                                0.044323000000000001,
                                238552,
                                238556,
                                0.0,
                                0.0,
                                1721805034.9643199,
                                39141336600047586
                            ],
                            "sub": []
                        },
                        {
                            "stat": [
                                "doUptoVir2VcsNoSepCleanup",
                                "exit",
                                0.077808856964111328,
                                0.082029000000000005,
                                0.048425999999999997,
                                239328,
                                251684,
                                0.0,
                                0.0,
                                1721805034.9780049,
                                39141336632802248
                            ],
                            "sub": []
                        },
                        {
                            "stat": [
                                "doRadify_vir2vcsAll",
                                "entry",
                                0.077874898910522461,
                                0.082070000000000004,
                                0.048451000000000001,
                                239328,
                                251684,
                                0.0,
                                0.0,
                                1721805034.978071,
                                39141336632975680
                            ],
                            "sub": []
                        },
                        {
                            "stat": [
                                "doRadify_vir2vcsAll",
                                "exit",
                                0.081656932830810547,
                                0.083931000000000006,
                                0.050358,
                                241024,
                                251684,
                                0.0,
                                0.0,
                                1721805034.981853,
                                39141336642018946
                            ],
                            "sub": []
                        }
                    ]
                },
                {
                    "stat": [
                        "doPostDesignResolutionToVir2Vcs",
                        "exit",
                        0.081701040267944336,
                        0.083959000000000006,
                        0.050375000000000003,
                        241024,
                        251684,
                        0.0,
                        0.0,
                        1721805034.9818971,
                        39141336642098936
                    ],
                    "sub": []
                },
                {
                    "stat": [
                        "doGAToPass2",
                        "entry",
                        0.081733942031860352,
                        0.083978999999999998,
                        0.050387000000000001,
                        241024,
                        251684,
                        0.0,
                        0.0,
                        1721805034.98193,
                        39141336642172154
                    ],
                    "sub": [
                        {
                            "stat": [
                                "DoPass2",
                                "entry",
                                0.13889193534851074,
                                0.083978999999999998,
                                0.052871000000000001,
                                239600,
                                251684,
                                0.028660999999999999,
                                0.027036000000000001,
                                1721805035.039088,
                                39141336779143612
                            ],
                            "sub": []
                        },
                        {
                            "stat": [
                                "DoPass2",
                                "exit",
                                0.17419886589050293,
                                0.097299999999999998,
                                0.066520999999999997,
                                244176,
                                251684,
                                0.031602999999999999,
                                0.031938000000000001,
                                1721805035.0743949,
                                39141336863592668
                            ],
                            "sub": []
                        }
                    ]
                },
                {
                    "stat": [
                        "doGAToPass2",
                        "exit",
                        0.17605686187744141,
                        0.098210000000000006,
                        0.067457000000000003,
                        244176,
                        251684,
                        0.031602999999999999,
                        0.031938000000000001,
                        1721805035.0762529,
                        39141336868064750
                    ],
                    "sub": []
                }
            ]
        },
        {
            "stat": [
                "main",
                "exit",
                0.17631983757019043,
                0.098363000000000006,
                0.067561999999999997,
                244168,
                251684,
                0.031602999999999999,
                0.031938000000000001,
                1721805035.0765159,
                39141336868654496
            ],
            "sub": []
        }
    ],
    "cpu_cycles_pass2_start": 39141336779157098,
    "CompileStrategy": "fullobj",
    "MlibObjs": {},
    "Misc": {
        "archive_dir": "archive.9",
        "vcs_version": "O-2018.09-SP1_Full64",
        "cwd": "/Users/students/cadiga/DV/Reuse/RTL_Freeze",
        "vcs_build_date": "Build Date = Nov 29 2018 20:31:24",
        "master_pid": 233050,
        "hostname": "nano.sfsu.edu",
        "VCS_HOME": "/packages/synopsys/vcs_mx/O-2018.09-SP1",
        "daidir": "/Users/students/cadiga/DV/Reuse/RTL_Freeze/output.simv.daidir",
        "csrc": "csrc",
        "csrc_abs": "/Users/students/cadiga/DV/Reuse/RTL_Freeze/csrc",
        "default_output_dir": "csrc",
        "daidir_abs": "/Users/students/cadiga/DV/Reuse/RTL_Freeze/output.simv.daidir"
    },
    "NameTable": {
        "std": [
            "std",
            "reYIK",
            "module",
            1
        ],
        "tb": [
            "tb",
            "g7hgQ",
            "module",
            2
        ],
        "...MASTER...": [
            "SIM",
            "amcQw",
            "module",
            3
        ]
    },
    "CurCompileUdps": {},
    "SIMBData": {
        "out": "amcQwB.o",
        "bytes": 68372,
        "text": 0,
        "archive": "archive.9/_233050_archive_1.a"
    },
    "incremental": "on",
    "CurCompileModules": [
        "...MASTER...",
        "std",
        "tb",
        "tb"
    ],
    "PEModules": [],
    "CompileStatus": "Successful",
    "CompileProcesses": [
        "cgproc.233050.json"
    ],
    "rlimit": {
        "data": -1,
        "stack": -1
    }
}