{
    "cycles_program_begin": 39141663397754106,
    "perf": [
        {
            "stat": [
                "main",
                "entry",
                0.018150091171264648,
                0.039836999999999997,
                0.038841000000000001,
                214660,
                214660,
                0.0,
                0.0,
                1721805171.4500611,
                39141663397983052
            ],
            "sub": [
                {
                    "stat": [
                        "doParsingAndDesignResolution",
                        "entry",
                        0.047503948211669922,
                        0.046358999999999997,
                        0.052406000000000001,
                        236520,
                        237188,
                        0.0,
                        0.0,
                        1721805171.4794149,
                        39141663468438320
                    ],
                    "sub": []
                },
                {
                    "stat": [
                        "doParsingAndDesignResolution",
                        "exit",
                        0.059755086898803711,
                        0.054462999999999998,
                        0.056480000000000002,
                        237420,
                        238068,
                        0.0,
                        0.0,
                        1721805171.4916661,
                        39141663497580990
                    ],
                    "sub": []
                },
                {
                    "stat": [
                        "doPostDesignResolutionToVir2Vcs",
                        "entry",
                        0.059813022613525391,
                        0.054491999999999999,
                        0.056509999999999998,
                        237420,
                        238068,
                        0.0,
                        0.0,
                        1721805171.491724,
                        39141663497696810
                    ],
                    "sub": [
                        {
                            "stat": [
                                "doUptoVir2VcsNoSepCleanup",
                                "entry",
                                0.064919948577880859,
                                0.056045999999999999,
                                0.060048999999999998,
                                238552,
                                238556,
                                0.0,
                                0.0,
                                1721805171.4968309,
                                39141663509933112
                            ],
                            "sub": []
                        },
                        {
                            "stat": [
                                "doUptoVir2VcsNoSepCleanup",
                                "exit",
                                0.078658103942871094,
                                0.062331999999999999,
                                0.066352999999999995,
                                239332,
                                251688,
                                0.0,
                                0.0,
                                1721805171.5105691,
                                39141663542830992
                            ],
                            "sub": []
                        },
                        {
                            "stat": [
                                "doRadify_vir2vcsAll",
                                "entry",
                                0.078726053237915039,
                                0.062364999999999997,
                                0.066388000000000003,
                                239332,
                                251688,
                                0.0,
                                0.0,
                                1721805171.510637,
                                39141663542970392
                            ],
                            "sub": []
                        },
                        {
                            "stat": [
                                "doRadify_vir2vcsAll",
                                "exit",
                                0.082619905471801758,
                                0.066241999999999995,
                                0.066388000000000003,
                                241028,
                                251688,
                                0.0,
                                0.0,
                                1721805171.5145309,
                                39141663552324810
                            ],
                            "sub": []
                        }
                    ]
                },
                {
                    "stat": [
                        "doPostDesignResolutionToVir2Vcs",
                        "exit",
                        0.082668066024780273,
                        0.066290000000000002,
                        0.066388000000000003,
                        241028,
                        251688,
                        0.0,
                        0.0,
                        1721805171.5145791,
                        39141663552408464
                    ],
                    "sub": []
                },
                {
                    "stat": [
                        "doGAToPass2",
                        "entry",
                        0.082701921463012695,
                        0.066323999999999994,
                        0.066388000000000003,
                        241028,
                        251688,
                        0.0,
                        0.0,
                        1721805171.5146129,
                        39141663552485448
                    ],
                    "sub": [
                        {
                            "stat": [
                                "DoPass2",
                                "entry",
                                0.13865208625793457,
                                0.066418000000000005,
                                0.069436999999999999,
                                239604,
                                251688,
                                0.031914999999999999,
                                0.021912000000000001,
                                1721805171.5705631,
                                39141663686641086
                            ],
                            "sub": []
                        },
                        {
                            "stat": [
                                "DoPass2",
                                "exit",
                                0.17561006546020508,
                                0.085144999999999998,
                                0.080137,
                                244176,
                                251688,
                                0.032974999999999997,
                                0.028274000000000001,
                                1721805171.6075211,
                                39141663774963674
                            ],
                            "sub": []
                        }
                    ]
                },
                {
                    "stat": [
                        "doGAToPass2",
                        "exit",
                        0.17756295204162598,
                        0.087080000000000005,
                        0.080137,
                        244176,
                        251688,
                        0.032974999999999997,
                        0.028274000000000001,
                        1721805171.6094739,
                        39141663779642980
                    ],
                    "sub": []
                }
            ]
        },
        {
            "stat": [
                "main",
                "exit",
                0.17782402038574219,
                0.087248999999999993,
                0.080228999999999995,
                244168,
                251688,
                0.032974999999999997,
                0.028274000000000001,
                1721805171.609735,
                39141663780258406
            ],
            "sub": []
        }
    ],
    "SIMBData": {
        "out": "amcQwB.o",
        "text": 0,
        "bytes": 68580,
        "archive": "archive.10/_233771_archive_1.a"
    },
    "CompileStrategy": "fullobj",
    "rlimit": {
        "data": -1,
        "stack": -1
    },
    "MlibObjs": {},
    "PrevCompiledModules": {
        "std": {
            "reYIK_d": {
                "bytes": 33312,
                "mod": "std",
                "checksum": 0,
                "mode": 4,
                "archive": "archive.10/_prev_archive_1.a",
                "out": "reYIK_d.o"
            }
        },
        "tb": {
            "g7hgQ_d": {
                "bytes": 24902,
                "mod": "tb",
                "out": "g7hgQ_d.o",
                "checksum": 0,
                "mode": 4,
                "archive": "archive.10/_233771_archive_1.a"
            }
        },
        "...MASTER...": {
            "amcQw_d": {
                "bytes": 7724,
                "mod": "...MASTER...",
                "checksum": 0,
                "mode": 4,
                "out": "objs/amcQw_d.o"
            }
        }
    },
    "stat": {
        "ru_self_cgstart": {
            "ru_majflt": 0,
            "ru_utime_sec": 0.066496,
            "ru_nvcsw": 22,
            "ru_stime_sec": 0.069517999999999996,
            "ru_maxrss_kb": 71940,
            "ru_minflt": 24201,
            "ru_nivcsw": 40
        },
        "nMops": 1335,
        "cpu_cycles_total": 382562012,
        "CodeGen(%)": 18.143631887143997,
        "ru_childs_cgstart": {
            "ru_majflt": 0,
            "ru_utime_sec": 0.031914999999999999,
            "ru_nvcsw": 17,
            "ru_stime_sec": 0.021912000000000001,
            "ru_maxrss_kb": 21592,
            "ru_minflt": 6310,
            "ru_nivcsw": 7
        },
        "ru_self_end": {
            "ru_majflt": 0,
            "ru_utime_sec": 0.087248999999999993,
            "ru_nvcsw": 23,
            "ru_stime_sec": 0.080282000000000006,
            "ru_maxrss_kb": 78340,
            "ru_minflt": 26798,
            "ru_nivcsw": 46
        },
        "mopSpeed": 61202.035483427317,
        "cpu_cycles_cgstart": 39141663686797242,
        "totalObjSize": 94124,
        "Frontend(%)": 81.856368112855989,
        "nQuads": 602,
        "cpu_cycles_end": 39141663780316118,
        "ru_childs_end": {
            "ru_majflt": 0,
            "ru_utime_sec": 0.032974999999999997,
            "ru_nvcsw": 18,
            "ru_stime_sec": 0.028274000000000001,
            "ru_maxrss_kb": 22016,
            "ru_minflt": 6897,
            "ru_nivcsw": 9
        },
        "quadSpeed": 27598.221244212167,
        "mop/quad": 2.2176079734219267,
        "outputSizePerQuad": 156.35215946843854,
        "peak_mem_kb": 251688,
        "realTime": 0.17791509628295898
    },
    "LVLData": [
        "SIM"
    ],
    "NameTable": {
        "std": [
            "std",
            "reYIK",
            "module",
            1
        ],
        "tb": [
            "tb",
            "g7hgQ",
            "module",
            2
        ],
        "...MASTER...": [
            "SIM",
            "amcQw",
            "module",
            3
        ]
    },
    "cpu_cycles_pass2_start": 39141663686665190,
    "PEModules": [],
    "CurCompileUdps": {},
    "incremental": "on",
    "CurCompileModules": [
        "...MASTER...",
        "std",
        "tb",
        "tb"
    ],
    "CompileProcesses": [
        "cgproc.233771.json"
    ],
    "Misc": {
        "vcs_version": "O-2018.09-SP1_Full64",
        "vcs_build_date": "Build Date = Nov 29 2018 20:31:24",
        "archive_dir": "archive.10",
        "master_pid": 233771,
        "hostname": "nano.sfsu.edu",
        "default_output_dir": "csrc",
        "VCS_HOME": "/packages/synopsys/vcs_mx/O-2018.09-SP1",
        "cwd": "/Users/students/cadiga/DV/Reuse/RTL_Freeze",
        "csrc": "csrc",
        "csrc_abs": "/Users/students/cadiga/DV/Reuse/RTL_Freeze/csrc",
        "daidir": "/Users/students/cadiga/DV/Reuse/RTL_Freeze/output.simv.daidir",
        "daidir_abs": "/Users/students/cadiga/DV/Reuse/RTL_Freeze/output.simv.daidir"
    },
    "CompileStatus": "Successful"
}