{
    "ObjArchives": [
        {
            "archive": "archive.10/_233771_archive_1.a",
            "objects": [
                [
                    "g7hgQ_d.o",
                    25544
                ],
                [
                    "amcQwB.o",
                    68580
                ]
            ],
            "size": 94124
        }
    ],
    "Modules": {
        "...MASTER...": {
            "start_perf": [
                0.13897490501403809,
                0.066658999999999996,
                0.069517999999999996,
                239604,
                251688,
                1721805171.5708859,
                39141663687393422
            ],
            "nRouts": 5,
            "child_modules": {
                "std": 1,
                "tb": 1
            },
            "end_perf": [
                0.15418004989624023,
                0.068962999999999997,
                0.074959999999999999,
                241136,
                251688,
                39141663723838306,
                0,
                0
            ],
            "nQuads": 0,
            "nMops": 0
        },
        "std": {
            "start_perf": [
                0.15447092056274414,
                0.069095000000000004,
                0.075103000000000003,
                241136,
                251688,
                1721805171.5863819,
                39141663724494944
            ],
            "child_modules": {},
            "svclass": [
                "$vcs_nba_dyn_obj",
                0,
                37,
                2,
                2,
                0,
                "sigprop$$",
                0,
                37,
                2,
                2,
                0,
                "process",
                0,
                184,
                8,
                8,
                0,
                "event",
                0,
                36,
                2,
                2,
                0,
                "mailbox",
                0,
                99,
                9,
                9,
                0,
                "semaphore",
                0,
                69,
                5,
                5,
                0
            ],
            "nQuads": 213,
            "Compiled": "Yes",
            "Compiled Times": 11,
            "end_perf": [
                0.16111898422241211,
                0.073916999999999997,
                0.076913999999999996,
                241148,
                251688,
                39141663740303680,
                8589934594,
                0
            ],
            "nMops": 462,
            "nRouts": 33
        },
        "tb": {
            "start_perf": [
                0.16119194030761719,
                0.073953000000000005,
                0.076951000000000006,
                241148,
                251688,
                1721805171.5931029,
                39141663740455136
            ],
            "child_modules": {},
            "nQuads": 389,
            "Compiled": "Yes",
            "Compiled Times": 11,
            "significant_routs": [
                [
                    3,
                    "R_VCSgd_g7hgQ_3",
                    1758692,
                    97,
                    13
                ]
            ],
            "end_perf": [
                0.17350006103515625,
                0.085092000000000001,
                0.078085000000000002,
                244564,
                251688,
                39141663769912832,
                12884901889,
                0
            ],
            "nMops": 873,
            "nRouts": 57
        }
    },
    "stat": {
        "ru_self_end": {
            "ru_majflt": 0,
            "ru_utime_sec": 0.087151999999999993,
            "ru_nvcsw": 23,
            "ru_stime_sec": 0.080140000000000003,
            "ru_maxrss_kb": 78340,
            "ru_minflt": 26794,
            "ru_nivcsw": 46
        },
        "ru_childs_end": {
            "ru_majflt": 0,
            "ru_utime_sec": 0.032974999999999997,
            "ru_nvcsw": 18,
            "ru_stime_sec": 0.028274000000000001,
            "ru_maxrss_kb": 22016,
            "ru_minflt": 6897,
            "ru_nivcsw": 9
        },
        "peak_mem_kb": 251688,
        "cpu_cycles_end": 39141663779743678
    },
    "CompUnits": {
        "g7hgQ_d": {
            "mod": "tb",
            "out": "g7hgQ_d.o",
            "text": 6694,
            "bytes": 25544,
            "checksum": 0,
            "mode": 4,
            "archive": "archive.10/_233771_archive_1.a"
        }
    },
    "reusePaths": {
        "amcQw_d": {
            "icPath": "csrc"
        },
        "reYIK_d": {
            "icPath": "csrc"
        }
    }
}